ndvi_mean_temporal,ndvi_std_temporal,ndvi_trend,ndvi_peak_time,ndvi_peak_value,evi_mean_temporal,evi_std_temporal,savi_mean_temporal,ndwi_mean_temporal,vegetation_amplitude,ndvi_spatial_variance,evi_spatial_variance,ndvi_spatial_cv,ndvi_texture_entropy,ndvi_texture_contrast,ndvi_max,ndvi_min,evi_max,evi_min,ndvi_range,early_growth_rate,late_growth_rate,growing_season_length,senescence_rate,greenup_rate,healthy_coverage,moderate_coverage,stressed_coverage,bare_coverage,n_healthy_regions,n_stressed_regions,total_regions,fragmentation_index,diversity_index,stress_score,vegetation_vigor,temporal_stability,patch_id
0.23905157622027776,-0.22169534219739845,-2.194927160381173,-2.20926042758981,-0.39021107597173044,-0.37897009865967773,0.234713173197466,-0.3458928323977102,0.9958494027687718,-0.42862519139559885,-0.30986197602518006,-0.12347728034439667,-0.21814070300698624,-0.5860885336277597,-0.3097739382919021,0.0,-0.22941573387056197,0.0,0.0,0.22941573387056197,-2.13461797619504,-1.0881408528088825,-0.4478232939364446,0.4021005955305225,-2.13461797619504,0.0,-0.3728431075841985,-0.18447213102302534,0.1887336789455322,0.0,0.21816128715244396,0.21816128715244396,0.0,0.5109702670396888,-0.18447213102302534,0.0,-0.10053651756457661,10000
-0.2502154206383355,-1.575338081621219,-0.3308885547663884,-0.0877418189973428,-1.2435097650061426,1.2594006913263331,-0.2513158283726623,0.4003686862028669,0.1378807716397329,-1.759076083327433,-0.19079744720955197,0.0754192029421993,0.4411131679021646,-0.6770850756085548,-0.155397018534932,0.0,-0.22941573387056197,0.0,0.0,0.22941573387056197,0.4353425054331312,-0.9954435580513057,-1.0875708567027942,0.17697828377955355,0.4353425054331312,0.0,-0.17859778380661318,-0.2772107678794655,0.276987402235029,0.0,-0.10857012574357183,-0.10857012574357183,0.0,0.6100051023539012,-0.2772107678794655,0.0,2.125531107656892,10001
1.3571573679203852,1.0518209577674336,0.8143636638070145,-1.2663632682153798,0.3651040369354474,0.6269279961823975,0.49254353662232025,0.7267001486949215,1.013962744734901,-0.03755390731264492,0.6454741778417789,0.06883004118733443,-0.2700983146648882,-0.09091500228887356,1.7646014599776312,0.0,-0.22941573387056197,0.0,0.0,0.22941573387056197,-0.9891646178116601,1.0656606392976247,2.1111669571289533,-1.225399615150754,-0.9891646178116601,0.0,6.1020010183353115,2.256317759247701,-2.3352103820088668,0.0,1.1370933859224883,1.1370933859224883,0.0,0.29421720252242567,2.256317759247701,0.0,-0.8795204487347359,10002
-0.1789871491492376,-0.8891849051089643,-0.27796627754666675,-0.32346610884095023,0.16763406909620512,-0.9305538912509811,-1.0835313523019932,-0.5145797650429095,-0.4777313439824727,-0.7118220788354311,-0.4456455514155829,0.12888293535150605,-0.025703106972735847,-0.3911652188128377,-0.8394509333269462,0.0,-0.22941573387056197,0.0,0.0,0.22941573387056197,0.4353425054331312,-0.7821054362034325,-0.4478232939364446,-1.1626278678944635,0.4353425054331312,0.0,-0.3728431075841985,-0.5423408585242577,0.5423106977295672,0.0,-0.6599293850055985,-0.6599293850055985,0.0,-1.6648475811285284,-0.5423408585242577,0.0,0.661218854585189,10003
-0.19942966306660903,-1.071593356561386,-0.8138909030063406,1.0908796302206942,-0.7085074168267648,-0.020820247097080875,0.4970725969311746,-0.8638839789236812,0.11324662656580473,-0.8903361198286838,-0.34451980024497353,0.3878325476257121,0.1501712636212427,-0.5885085016542246,-0.31253456557586357,0.0,-0.22941573387056197,0.0,0.0,0.22941573387056197,0.43018280562059347,0.23326580115566475,-0.4478232939364446,1.0723316605533693,0.43018280562059347,0.0,0.015647539970972124,-0.5042212961354142,0.4979027732717949,0.0,-0.12899083904957281,-0.12899083904957281,0.0,0.5682848077525114,-0.5042212961354142,0.0,0.9552868249004525,10004
-0.11082169333417091,-0.9986939372651562,-0.42171345528372634,-1.3449380314965824,-0.5813692183549238,0.8037993428922273,-0.7805388943257102,-0.12192558223833376,0.11505796076241201,-1.0505519396950953,-0.35218611976098446,0.9395228211041479,0.024021195931081093,-0.7001323950341373,0.24651540492098536,0.0,4.358898943540673,0.0,0.0,-4.358898943540673,0.42244325590178894,0.07366524148609568,-0.4478232939364446,-0.4515951671550278,0.42244325590178894,0.0,-0.3404688869546009,-0.48430809190243623,0.4844117582466489,0.0,0.13647843392844,0.13647843392844,0.0,0.26120301004005325,-0.48430809190243623,0.0,0.8317277632945844,10005
0.531087489325576,0.21993840873483303,-0.49249772247016144,-2.20926042758981,0.2478844213231118,0.5158000085546401,1.5038254712855839,0.19345454881866297,0.10636355661867598,-0.2322384693017107,-0.20939299340771025,-0.24454655277881945,-0.2910021316831859,-0.676286371591583,0.6137378345817144,0.0,-0.22941573387056197,0.0,0.0,0.22941573387056197,-3.0474548680298477,0.5747680087987982,1.4714193943626037,0.11848642838164651,-3.0474548680298477,0.0,-0.3728431075841985,0.3088063852624571,-0.2986292388378674,0.0,1.0145691060864823,1.0145691060864823,0.0,1.0405208331606266,0.3088063852624571,0.0,-0.4377326971464025,10006
-4.05715284691613,1.747883591243556,1.2490823695400233,0.3051319974086696,-1.1593520922588247,-2.782847357467074,-3.0322110124982316,-3.244022674464611,-3.1406341242298494,0.22053611858105646,4.879766336157164,1.1930644248042672,-1.70124293339895,3.9391163680439076,0.9250942309888598,0.0,-0.22941573387056197,0.0,0.0,0.22941573387056197,2.0688174710857012,-1.0881408528088825,-1.0875708567027942,-2.395522049232787,2.0688174710857012,0.0,-0.3728431075841985,-0.7807303606276224,0.7778413350435746,0.0,-1.292971497491629,-1.292971497491629,0.0,0.9894939414345276,-0.7807303606276224,-0.0,-1.1334165866631598,10007
-0.34299024425288493,-0.7537117619044009,-1.4107454021569268,-2.20926042758981,-0.7340552817679148,-0.2507724985196081,0.2729634935160013,-0.8278538708239338,0.058906600667408736,-0.9279964121478801,0.31074495203119107,2.9094611489710474,1.2802814129476752,0.6003025477301043,0.40547212292903545,0.0,-0.22941573387056197,0.0,0.0,0.22941573387056197,-1.6397167691757957,-0.1942165059727627,-1.0875708567027942,-0.2353179652447179,-1.6397167691757957,0.0,0.08039598123016722,-0.3716562508130181,0.36580325115057355,0.0,0.48363056013045674,0.48363056013045674,0.0,-0.532134348080665,-0.3716562508130181,0.0,0.47201791946289196,10008
0.20710569645741675,-0.15038171716180743,0.1203647555723396,-0.32346610884095023,1.447431821089346,-0.4797237140217634,-1.1006924629401582,0.13578360801824657,0.41223752462005425,-0.16670530526604702,-0.3795739831322052,-0.80963429821707,-0.2594289369868673,-0.7201156188404609,-1.1232418504392645,0.0,4.358898943540673,0.0,0.0,-4.358898943540673,0.4043843065579047,-0.537062152670354,-0.4478232939364446,-2.3775465034275762,0.4043843065579047,0.0,-0.3728431075841985,-0.04678654746929207,0.0526992774419766,0.0,-1.0070815112076152,-1.0070815112076152,0.0,0.2541113363495338,-0.04678654746929207,0.0,-0.16175026524932024,10009
0.5345420604927975,0.7495506696537646,-0.35729198096918985,0.9337301036582893,2.698375513854835,-0.6133945105576313,0.3455798310878092,-0.2521234799750827,2.513264437078063,0.85969723794188,-0.30882172768427196,-0.1268644098291227,-0.35177726878824483,-0.6137412624322799,-0.3436159621570414,0.0,-0.22941573387056197,0.0,0.0,0.22941573387056197,-2.13461797619504,-1.0881408528088825,0.19192426882990488,1.0723316605533693,-2.13461797619504,0.0,-0.3404688869546009,0.1375528288588467,-0.12999155102354226,0.0,0.2998441403764479,0.2998441403764479,0.0,0.49067465545617944,0.1375528288588467,0.0,-0.740900856282358,patch_10000
-0.27888479991269643,-1.5663102934996977,-0.4237189614270117,-0.0877418189973428,-1.2435097650061426,1.2239094177858822,-0.14947718141095545,0.3912046302722839,0.1378807716397329,-1.7218413310344423,-0.18318420365697444,0.07909875117851581,0.5133783374474888,-0.2808652458539531,-0.11337735732320797,0.0,-0.22941573387056197,0.0,0.0,0.22941573387056197,0.4353425054331312,-0.9954435580513057,-1.0875708567027942,0.17697828377955355,0.4353425054331312,0.0,-0.17859778380661318,-0.2868828956497691,0.28654353787784076,0.0,-0.1902529789675758,-0.1902529789675758,0.0,0.6084652211441731,-0.2868828956497691,0.0,2.0979288489528174,patch_10001
0.8939243042910394,1.5987292975493723,0.33482405998709813,1.0908796302206942,1.0645144100890498,0.31023663228298753,1.0076094662742703,0.5788344064808251,0.4310754002648258,2.0680181423527046,0.5654614199919554,-0.14217436469028122,-0.13815161846012616,0.48291947250683304,1.8666012828768719,0.0,-0.22941573387056197,0.0,0.0,0.22941573387056197,-0.9891646178116601,1.8182551976048036,1.4714193943626037,1.0723316605533693,-0.9891646178116601,0.0,2.2818429840428007,1.6759900930294862,-1.695511419566527,0.0,1.3413005189824982,1.3413005189824982,0.0,0.267729191342704,1.675990093029486,0.0,-1.0853016940755205,patch_10002
-0.355134664541774,-0.4331895478491693,-0.43785850114217695,-0.32346610884095023,-0.11609751330903795,-1.0437099516524777,-0.7212012786222823,-0.5708390997124041,-0.152174211044562,0.4569236031382718,-0.4528464681066247,0.043838525568945984,0.24038417559885952,0.4523562194113428,-0.7543635622200534,0.0,-0.22941573387056197,0.0,0.0,0.22941573387056197,0.4353425054331312,-0.11871523111224078,-0.4478232939364446,-0.8932800069401988,0.4353425054331312,0.0,-0.3728431075841985,-0.6879917237711821,0.6862148579977912,0.0,-0.7824536648416044,-0.7824536648416044,0.0,-1.6888482456251257,-0.6879917237711821,0.0,0.10003351554943954,patch_10003
-0.23109062974351063,-1.034274278373398,-0.7496137097092764,1.0908796302206942,-0.6706364640904717,-0.14537771661761692,0.7438767041485147,-0.8739359806462959,0.10877866888082313,-0.7616102619014873,-0.34443236670937116,0.2633914207443901,0.1997771653035277,-0.35108385105410356,-0.2578436491045422,0.0,-0.22941573387056197,0.0,0.0,0.22941573387056197,0.43018280562059347,0.2671204653279976,-0.4478232939364446,1.0723316605533693,0.43018280562059347,0.0,-0.049100901288222976,-0.5156002699828302,0.5102695370448453,0.0,-0.21067369227357677,-0.21067369227357677,0.0,0.5770415222918259,-0.5156002699828302,0.0,0.8909605360325619,patch_10004
-0.13311614231025765,-0.9903839766241981,-0.48614214364919894,-1.3449380314965824,-0.5771613347175579,0.7589347330064785,-0.7532506359177279,-0.12905191641540895,0.11892214038185316,-0.9950189662752634,-0.3523021698716612,0.9125377830203316,0.050349891339040304,-0.5117220683360378,0.26119419077544886,0.0,-0.22941573387056197,0.0,0.0,0.22941573387056197,0.42244325590178894,0.07769555864946594,-0.4478232939364446,-0.455589732889519,0.42244325590178894,0.0,-0.3728431075841985,-0.48544598928717786,0.4860981351247921,0.0,0.07521629401043704,0.07521629401043704,0.0,0.26990506823645444,-0.4854459892871778,0.0,0.8181772785089193,patch_10005
0.45266516241608096,0.26158926634426344,-0.6678785132944833,-2.20926042758981,0.2478844213231118,0.3153588160833306,1.8519916153479603,0.16840992391520512,-0.2189520650930234,0.0009574650589626184,-0.193829299923936,-0.3130977729573067,-0.2481829955700911,-0.27572135509257406,0.7317837266771594,0.0,-0.22941573387056197,0.0,0.0,0.22941573387056197,-3.0474548680298477,0.5922327165067495,0.8316718315962544,0.09680164296583708,-3.0474548680298477,0.0,-0.3728431075841985,0.1842066216332522,-0.17552372673341005,0.0,1.0349898193924834,1.0349898193924834,0.0,1.027997969858928,0.1842066216332522,0.0,-0.46500410523832447,patch_10006
-4.236933004154611,2.393412870269642,0.28783894663763854,0.7765805770958845,-1.198124734345982,-2.846874654971367,-2.980998039670528,-3.283741172777412,-5.301555820789207,1.6933301492786665,4.0667787334310495,1.0958595374269948,-1.5960349665990636,3.770656388455159,1.3782232710165985,0.0,-0.22941573387056197,0.0,0.0,0.22941573387056197,2.0688174710857012,-1.0881408528088825,-1.0875708567027942,1.0723316605533693,2.0688174710857012,0.0,-0.3728431075841985,-0.7886956423208136,0.7857110938082431,0.0,-1.4154957773276349,-1.4154957773276349,0.0,1.0172329836669045,-0.7886956423208135,-0.0,-1.3117009105630573,patch_10007
-0.27486040257356104,-0.6389376431285468,-1.3074618357783112,-2.20926042758981,-0.7340552817679148,-0.33324745798503785,0.3219432024833068,-0.806121966759979,-0.15036287684794736,-0.6892684574465339,0.15190362197175603,2.7806219671828267,0.8844624316676751,0.49229184856982616,0.46903138607217537,0.0,-0.22941573387056197,0.0,0.0,0.22941573387056197,-1.6397167691757957,0.1991424491724396,-1.0875708567027942,-0.22961144276687334,-1.6397167691757957,0.0,0.08039598123016722,-0.35800148219611894,0.35231223612542756,0.0,0.46320984682445576,0.46320984682445576,0.0,-3.9068335123612457,-0.35800148219611894,0.0,0.3278197403895714,patch_10008
-0.059145582368830815,-0.12247286811212933,-0.04143197745420992,-0.0877418189973428,-0.772827923855072,-0.6376273801105254,-0.8070663075136724,0.05070018686895413,0.41223752462005425,0.19968465729698165,-0.2564985642511288,-0.8450333923058299,0.072183060145184,0.9515527795826372,-0.9258136814708925,0.0,-0.22941573387056197,0.0,0.0,0.22941573387056197,0.4043843065579047,-0.537062152670354,-1.0875708567027942,0.5165163712113064,0.4043843065579047,0.0,-0.3728431075841985,-0.21178166825682368,0.2157157089958242,0.0,-1.0070815112076152,-1.0070815112076152,0.0,0.005626286892586893,-0.21178166825682368,0.0,-0.18491646948869517,patch_10009
1.1884175927627123,1.2824254634973586,1.2675431257293557,0.9337301036582893,1.5517272226726293,0.8775249884042781,1.5815696564871158,1.1632393446826006,-0.6671969009482036,0.5541594991262533,0.0681974623739705,-0.5945850926031507,-0.37640048914172897,-0.30212455281490674,2.1627871187700594,0.0,-0.22941573387056197,0.0,0.0,0.22941573387056197,-0.4336369379950953,-1.0881408528088825,1.4714193943626037,1.0723316605533693,-0.4336369379950953,0.0,0.6631319525629231,1.9286033124421207,-1.9169889162293408,0.0,2.7503297370965663,2.7503297370965663,0.0,0.3701556491697233,1.9286033124421207,0.0,-0.9725065160309441,patch_10010
-0.15537497715060167,-1.2024271279086838,-0.15738341716951737,1.0908796302206942,-1.0890203228914235,1.679328759689011,-0.569182171491207,1.0445164387198007,0.15599411360586204,-1.3260891066632265,-0.27820562605029725,0.11600939048873826,0.17085324630188975,-0.5934345488945506,0.15944586324247131,0.0,-0.22941573387056197,0.0,0.0,0.22941573387056197,0.4220132809174094,-0.10689296743301434,-1.0875708567027942,1.0723316605533693,0.4220132809174094,0.0,-0.3404688869546009,-0.34946725181055693,0.351187984873332,0.0,-0.06772869913156986,-0.06772869913156986,0.0,-0.08916213134447037,-0.34946725181055693,0.0,1.2004631394408114,patch_10011
-0.6145836434408118,-0.37661807478961834,-1.1583979025463462,-0.794914688528165,-1.3339792632095093,-1.01872305504268,-0.5820808950998777,-0.5623922307676923,0.4068035220302104,0.5656490798338047,-0.425145286866157,-0.6774267737988906,1.4410883229423816,1.8879882174381848,-0.9688243139925516,0.0,-0.22941573387056197,0.0,0.0,0.22941573387056197,0.21906508829092539,-0.9887263627790193,-1.0875708567027942,0.3735679831412996,0.21906508829092539,0.0,-0.3728431075841985,-0.7283870809295089,0.7261257774471815,0.0,-1.1091850777376202,-1.1091850777376202,0.0,0.44817290250187364,-0.7283870809295089,0.0,0.04336680438894088,patch_10012
0.45252270587310245,0.31530842413514426,1.1727504972306733,1.0908796302206942,0.04650713296345835,0.3759929918315596,0.9638414381499644,0.652590826821508,-0.05967541140419164,0.23266400932791628,0.02295405981650068,-0.5027402618010813,-0.1310337018418518,-0.1416172981107254,1.0515578869362743,0.0,-0.22941573387056197,0.0,0.0,0.22941573387056197,0.4091140313860671,0.9082095821151867,0.19192426882990488,1.0723316605533693,0.4091140313860671,0.0,-0.2757204456954058,0.31563376957090666,-0.30706112322858364,0.0,1.3004590923704962,1.3004590923704962,0.0,0.7410603160541126,0.31563376957090666,0.0,-0.49920409751841816,patch_10013
0.48144138409767506,0.10383980545813046,1.3226945446694287,1.0908796302206942,0.005630549057618244,0.5527863357424002,-0.2224836742611992,0.6165607187217607,0.0817294115447393,-0.25032392041544904,-0.027283866870569606,0.8919960924853293,-0.17139987195715156,-0.5692793562607115,0.46496468788703116,0.0,-0.22941573387056197,0.0,0.0,0.22941573387056197,0.40524425652666385,0.8716680398339416,1.4714193943626037,1.0723316605533693,0.40524425652666385,0.0,-0.2757204456954058,0.5170416066701694,-0.5060535948494873,0.0,0.21816128715244396,0.21816128715244396,0.0,-0.025498807630446225,0.5170416066701694,0.0,-0.358008976896435,patch_10014
-2.53881539771878,0.651060770984346,-0.9223397298116098,-0.794914688528165,-0.87742388855531,-1.4282377497401937,-0.8933715805024022,-2.4258603145502886,-3.0897960111115808,-0.047979637954682325,3.3428510760659464,4.03836725307791,-2.231073169614021,2.9246164039077893,-0.25696743051195103,0.0,-0.22941573387056197,0.0,0.0,0.22941573387056197,0.3777258575264611,-0.04751296122598554,-1.0875708567027942,-0.1885244809263923,0.3777258575264611,0.0,-0.3728431075841985,-0.7039222871575646,0.7019543755271282,0.0,-0.9662400845956133,-0.9662400845956133,0.0,-0.7063296821035642,-0.7039222871575646,-0.0,-0.6909481668440672,patch_10015
-0.04304799301229443,-0.5702007431062835,-0.41683675689216615,-0.32346610884095023,-0.07041191953192254,-0.33745960913049755,-0.023668645814969663,-0.25524267416760377,-0.06969812729210999,-0.4841581648154307,-0.44155778655079236,0.1744446836380746,-0.15624577362521108,-0.4155578110311742,-0.47327620037929496,0.0,-0.22941573387056197,0.0,0.0,0.22941573387056197,0.3037701602134186,-1.0454194908771317,-0.4478232939364446,-0.9366495777718177,0.3037701602134186,0.0,-0.3728431075841985,-0.6413379309967767,0.6401205566618757,0.0,-0.5986672450875955,-0.5986672450875955,0.0,-3.4366620696762853,-0.6413379309967766,0.0,0.2476491052566493,patch_10016
0.26155971001083095,-0.04818751055751568,-0.5854868382500511,-0.95206421509057,-0.14435044630278038,-0.5533973576678208,0.1040798619841989,-0.48902286372097115,0.22096063345771738,-0.1813864361701405,-0.3368742445596338,-0.14567358800528296,-0.25238778972410236,-0.4744570657698483,-0.19478115232307852,0.0,-0.22941573387056197,0.0,0.0,0.22941573387056197,0.4353425054331312,-0.4669346340276645,-0.4478232939364446,-0.03130978666177391,0.4353425054331312,0.0,-0.3728431075841985,-0.3727941481977597,0.3747972611673376,0.0,0.7490998331084696,0.7490998331084696,0.0,-0.711196436044847,-0.3727941481977597,0.0,-0.2445343632398767,patch_10017
0.1936079390102332,-0.12963443842619432,0.21210584055090742,0.4622815239710745,0.001422665420252351,1.368825617842809,0.4719964431351088,1.223050462520222,-0.19540472053705893,-0.06904386925185993,-0.23647092313618986,-0.43063221343634295,-0.1322430940972263,-0.5721919783671338,0.8291236203700532,0.0,-0.22941573387056197,0.0,0.0,0.22941573387056197,0.4383523303237782,-0.3215745283353455,0.19192426882990488,-0.9609022983026573,0.4383523303237782,0.0,0.015647539970972124,-0.27493497310998233,0.2713661459745515,0.0,1.2800383790644951,1.2800383790644951,0.0,0.6609397331094833,-0.27493497310998233,0.0,-0.17901297813107242,patch_10018
-0.025454609954487676,-0.6321743882434934,-0.6752152030344755,-0.24489134555974776,-0.4881946520989648,-0.017336122075527715,0.7311710349510779,-0.5337389030940543,0.0724312293354549,-0.6492676949832067,-0.3881855848813999,0.4338802526601182,-0.1055342919661067,-0.3179099608501388,-0.37089223222460044,0.0,-0.22941573387056197,0.0,0.0,0.22941573387056197,0.3471976336356142,-0.5209408840168648,-0.4478232939364446,-0.33946200046538166,0.3471976336356142,0.0,-0.3728431075841985,-0.5343755768310665,0.5344409389648986,0.0,-0.4761429652515896,-0.4761429652515896,0.0,-1.3404691029685734,-0.5343755768310665,0.0,0.3197358638126265,patch_10019
0.7325566552324879,0.7853253061823392,0.8400168287188671,1.0908796302206942,1.5667553785203647,1.1965694367398867,0.40333166900786827,1.4111355955451905,0.19342835366920247,0.4630939335182531,-0.10215591577101625,-0.7194538879599368,-0.31153349637996613,-0.4036030592865125,0.5836067788321405,0.0,-0.22941573387056197,0.0,0.0,0.22941573387056197,0.43448255546437486,2.2672325296045526,0.8316718315962544,1.0723316605533693,0.43448255546437486,0.0,-0.3728431075841985,0.8424802587062662,-0.8259030760706573,0.0,1.770135498408519,1.770135498408519,0.0,-0.1480392545457042,0.8424802587062662,0.0,-0.7584232381671817,patch_10020
-0.061959099092650224,-0.49257172124646564,0.3133622586336565,1.0908796302206942,-0.31957874348737436,0.6344552662849322,0.01701897893169044,0.5421667988380807,0.06192549099509693,-0.19393986694320595,-0.28761923012833585,1.2734273867474053,0.042788230474983945,-0.11216869095539854,0.06655965747474091,0.0,-0.22941573387056197,0.0,0.0,0.22941573387056197,0.43319263051124046,0.5809478284493036,-0.4478232939364446,1.0723316605533693,0.43319263051124046,0.0,-0.3404688869546009,-0.3227266632691294,0.3247680804490878,0.0,0.3406855669884499,0.3406855669884499,0.0,0.859223103951325,-0.3227266632691294,0.0,0.16212953288686138,patch_10021
1.041972266581129,1.5204834185694067,1.0357700992144185,0.9337301036582893,-0.049071938228138365,1.070958929432986,1.0511993786217886,1.3337932402751487,0.46657755051844174,1.2599176325882546,0.10804486001060586,-0.9428582828837684,-0.32637135165701525,-0.22954966133632113,1.6518387620517718,0.0,-0.22941573387056197,0.0,0.0,0.22941573387056197,0.08706276808683329,0.7042755336485161,0.8316718315962544,1.0723316605533693,0.08706276808683329,0.0,0.3717639668965452,1.656645837488879,-1.6432337363440863,0.0,1.9947633447745297,1.9947633447745297,0.0,-2.023830099067925,1.6566458374888788,0.0,-1.0588268672896481,patch_10022
-0.23707380454859706,-1.0104670501858473,-0.6721564454634243,-0.32346610884095023,0.5075709543719784,-0.5722090326909097,-0.8723539966540217,-0.5043228527529018,0.16022056006462382,-0.7896959036310575,-0.5745974798139799,-0.22481699890994508,-0.20792704795086617,-0.7201156188404609,-1.6145038024637954,0.0,4.358898943540673,0.0,0.0,-4.358898943540673,0.4353425054331312,-0.6821535705517806,-0.4478232939364446,-1.485331714016575,0.4353425054331312,0.0,-0.3728431075841985,-0.7869887962437011,0.7840247169300998,0.0,-1.395075064021634,-1.395075064021634,0.0,-0.7266424492304246,-0.7869887962437011,0.0,0.8511071684803327,patch_10023
0.3827902280852749,0.7490907386046196,0.46265704149370934,-0.95206421509057,0.392154717461371,0.8277982040481523,0.42761338190283277,0.9922642440348592,0.14681668700968756,1.102893362918385,-0.3817718251380663,-0.33248828870176217,-0.34485088605640013,-0.5583505677154529,-0.5990033829362504,0.0,-0.22941573387056197,0.0,0.0,0.22941573387056197,0.4357724804175093,0.44526048394907985,0.8316718315962544,-1.3757664824419589,0.4357724804175093,0.0,-0.3728431075841985,-0.22714328295083525,0.23089310089911347,0.0,-0.5986672450875955,-0.5986672450875955,0.0,0.8139598050852703,-0.22714328295083525,0.0,-0.7406734789019488,patch_10024
0.20247585881062471,-0.043702185942622734,0.06586260121104759,0.698005813814682,-0.4963098562567419,0.9435283568163185,0.4012399260352721,1.1344038742823923,0.10624280100556607,-0.04925625803329915,-0.16163232749505738,-0.4932493221826931,-0.08336015218802884,0.1682053401297912,0.4323178677689505,0.0,-0.22941573387056197,0.0,0.0,0.22941573387056197,0.3480575836043733,-1.0881408528088825,-0.4478232939364446,-0.5323424602165286,0.3480575836043733,0.0,-0.3728431075841985,-0.04906234223877526,0.0549477799461676,0.0,0.9737276794744805,0.9737276794744805,0.0,1.027744233669009,-0.04906234223877526,0.0,-0.2480422342578403,patch_10025
0.01770972256790607,0.35640612255691506,0.5594335339830251,1.0908796302206942,0.059431346992510736,0.060627675514979634,1.194156943876865,-0.23082416488673277,-0.026950640252044158,0.7460780509449826,-0.19382150906688458,0.14100384538116725,0.049046351452357015,0.7012497187277122,0.16665204154246796,0.0,-0.22941573387056197,0.0,0.0,0.22941573387056197,0.40137448166726053,0.9197631579835248,-0.4478232939364446,1.0723316605533693,0.40137448166726053,0.0,-0.3728431075841985,-0.3722251995053889,0.3742351355412898,0.0,0.07521629401043704,0.07521629401043704,0.0,0.6553796378838727,-0.3722251995053889,0.0,-0.5246573883766468,patch_10026
0.679634049516089,0.7980874724146974,1.4767433870561437,1.0908796302206942,1.469072365510085,-0.7241454846569367,-0.42573767594472883,-0.052415364210827806,0.14536761965240266,0.43713599191971103,-0.43056508115028497,-0.2348628815505532,-0.4751890472505763,-0.7103873601924059,-0.33984270175275677,0.0,-0.22941573387056197,0.0,0.0,0.22941573387056197,0.24056383750983337,2.1799089910648046,0.8316718315962544,1.0723316605533693,0.24056383750983337,0.0,-0.3728431075841985,0.004418834844079815,0.0021079710976790638,0.0,0.6469962665784647,0.6469962665784647,0.0,0.608588714946722,0.004418834844079811,0.0,-0.7645969210012209,patch_10027
1.5940982130288697,1.9330916056590377,2.129896339236035,1.0908796302206942,2.313354161035856,0.27548638533294184,1.51748659108036,0.9147966656403,0.32879539596274854,1.342046857645937,0.3052644570119808,-0.9685693778638316,-0.3983367298242183,-0.31762416155639955,2.1918184723456697,0.0,-0.22941573387056197,0.0,0.0,0.22941573387056197,-0.002802003648195632,2.9346530518591147,2.1111669571289533,1.0723316605533693,-0.002802003648195632,0.0,1.375364806414069,3.0147263661779755,-3.0024535001275465,0.0,2.1989704778345396,2.1989704778345396,0.0,0.40919140751941013,3.014726366177975,0.0,-1.1892173038875478,patch_10028
-0.05284188034204468,-0.5235685156551864,-0.1401634777307271,1.0908796302206942,-0.3213821221891026,-1.5028994288401236,-1.0062012032377228,-0.9319256712182117,0.23098334934564427,-0.3492619765082529,-0.5659773458227948,-0.8645336437240979,-0.3377975569435421,-0.7125941312096501,-1.2611351839007399,0.0,-0.22941573387056197,0.0,0.0,0.22941573387056197,0.4353425054331312,0.5793357015839532,0.19192426882990488,1.0723316605533693,0.4353425054331312,0.0,-0.3728431075841985,-0.7733340276268019,0.7705337019049538,0.0,-1.31339221079763,-1.31339221079763,0.0,0.2086827201578047,-0.7733340276268019,0.0,0.19566632941805806,patch_10029
-0.7856739515576259,0.3945346602589343,-1.545215310468665,0.4622815239710745,-1.120278887054713,-0.36264151273777023,0.39156869559589735,-0.530437566174962,0.10153333209437317,2.105678434671901,-0.3982643811359682,-0.5919459868620429,6.0376661741875814,1.9611115321729184,-0.7927854618033205,0.0,-0.22941573387056197,0.0,0.0,0.22941573387056197,-0.828353973654233,-1.0421952371464307,-1.0875708567027942,0.05999457298373949,-0.828353973654233,0.0,-0.3728431075841985,-0.7687824380878355,0.7660366968965718,0.0,-1.252130070879627,-1.252130070879627,0.0,0.5160038316406149,-0.7687824380878355,0.0,-0.5477411429659796,patch_10030
0.28072011504139854,-0.059862269174123274,0.10382293691576226,-0.32346610884095023,0.5709897720494215,-0.15726014299709407,-0.4405891397291618,-0.0631162493968509,0.17434896679821105,-0.24606852015339295,-0.30206689044670754,-0.18763854733073235,-0.2352423244361577,-0.3748409194916027,-0.5824898772278062,0.0,-0.22941573387056197,0.0,0.0,0.22941573387056197,0.30291021024466586,0.6626289229603313,0.19192426882990488,-1.5455355261578354,0.30291021024466586,0.0,-0.3728431075841985,-0.1674036702519014,0.17186991016409967,0.0,-0.4965636785575906,-0.4965636785575906,0.0,-0.7794985761794458,-0.16740367025190137,0.0,-0.2353557579574387,patch_10031
0.9552162319074085,1.6791794021408475,0.9303656018784844,0.9337301036582893,1.8132171344232242,0.8839602193209535,0.12739513875607583,1.3273385574023029,0.5082382370405439,1.9729099464957511,0.20829583756194475,-0.5604873063267696,-0.26789771891213043,-0.014219657371293798,1.4181956278805488,0.0,-0.22941573387056197,0.0,0.0,0.22941573387056197,-0.3115240424317076,-0.5967108466882751,0.8316718315962544,1.0723316605533693,-0.3115240424317076,0.0,0.8897514969701059,1.3613614661484346,-1.3604845464420678,0.0,1.4434040855125032,1.4434040855125032,0.0,0.7039071123025887,1.3613614661484346,0.0,-1.111624321597688,patch_10032
-0.7089611031638675,-2.112275129741778,-1.2885465943838221,0.4622815239710745,-1.8566585235937443,0.06563285511683838,1.0558241573941471,-0.5923888610497878,-0.10628707806369803,-2.0767417128899193,-0.49628752342902954,2.380715924351912,2.2512436810653407,0.6658544085737708,-1.5306895376391048,0.0,-0.22941573387056197,0.0,0.0,0.22941573387056197,0.434912530448753,-1.0260739684929416,-1.0875708567027942,0.7601848810152704,0.434912530448753,0.0,-0.3728431075841985,-0.6720611603847998,0.6704753404684543,0.0,-0.8437158047596074,-0.8437158047596074,0.0,-1.146558916192862,-0.6720611603847998,0.0,4.64680971658559,patch_10033
0.6711222710731427,-0.3422447538915207,1.1978265380724804,-0.32346610884095023,-0.35624744375584855,1.785178557918445,-0.32533946523048357,1.290796172884076,0.10986546939879531,-1.0937442523549645,1.0532232430749942,-0.8972398419482339,0.11071037676300852,-0.2755231299529133,2.457119241885702,0.0,-0.22941573387056197,0.0,0.0,0.22941573387056197,0.41040395633919946,-0.7839862508796716,0.8316718315962544,-0.6527500844990495,0.41040395633919946,0.0,2.2170945427836055,1.5673208927866635,-1.5870211737393112,0.0,0.15689914723444098,0.15689914723444098,0.0,0.2290384087997717,1.5673208927866635,0.0,0.010058359609757359,patch_10034
-0.15897200486080157,-1.0869437781906421,-1.2317864420986073,-0.794914688528165,-0.665226327985287,1.4558507405826548,-0.22184107257895283,0.9618919443792117,0.1227863200012943,-1.0914037822108336,-0.3132565036489009,-0.6153673785503162,0.13314940157345811,-0.4953212226567489,-0.2694466712735822,0.0,-0.22941573387056197,0.0,0.0,0.22941573387056197,-0.1283546990866134,-0.9226291612997,-0.4478232939364446,-0.3719891785890958,-0.1283546990866134,0.0,0.4041381875261427,-0.5110486804438638,0.4979027732717949,0.0,-0.3127772588035817,-0.3127772588035817,0.0,-1.7485668675571675,-0.5110486804438638,0.0,0.9824277940863831,patch_10035
-0.019471435149403797,-0.6304892458348084,0.40644515707501244,1.0908796302206942,-0.37398066765617627,0.9878859485086339,-0.44871319718216895,1.0183789574569193,0.08837097026564822,-0.6024582921005899,-0.4128338584537372,-0.10867329942834594,-0.1399895377892754,-0.5807594247586241,-0.5565899039772314,0.0,-0.22941573387056197,0.0,0.0,0.22941573387056197,0.39234500699532154,0.5323153346779358,-0.4478232939364446,1.0723316605533693,0.39234500699532154,0.0,-0.3728431075841985,-0.5474613967555949,0.547369828363997,0.0,-0.25151511888557876,-0.25151511888557876,0.0,0.5069023371399345,-0.5474613967555949,0.0,0.3177284779883695,patch_10036
0.2990257808140978,0.5605682874075627,0.8771331204711664,0.4622815239710745,0.29928071432236664,0.24320622701757827,0.910319284682958,0.5801435573280511,0.183526393394377,1.0677863107564225,-0.35781800318774076,-0.06862761095719973,-0.28844678223412284,-0.4626213326205562,-0.36990431469537816,0.0,-0.22941573387056197,0.0,0.0,0.22941573387056197,0.42717298072995136,0.24696887951113025,0.8316718315962544,-1.28760071015926,0.42717298072995136,0.0,-0.3728431075841985,-0.22259169341186885,0.22639609589073145,0.0,0.013954154092434085,0.013954154092434085,0.0,0.6245757331548302,-0.22259169341186885,0.0,-0.6427022332302941,patch_10037
-0.27852865855525144,-0.6531418043972784,-1.065819987666299,-0.794914688528165,-0.4617450978069506,-1.2122479993368764,-1.3213071737003141,-0.71319502444774,0.6176428225159698,-0.09968275113866372,-0.5379521174708992,-1.2081602225954844,-0.07452718110970682,0.08746426680291348,-1.190875264069849,0.0,-0.22941573387056197,0.0,0.0,0.22941573387056197,0.37514600762019645,-0.23102673606490007,-0.4478232939364446,-0.565154964464135,0.37514600762019645,0.0,-0.3728431075841985,-0.7357834139303292,0.7334334105858022,0.0,-1.2112886442676252,-1.2112886442676252,0.0,0.2404231581076666,-0.7357834139303292,0.0,0.3449411156753312,patch_10038
0.2456401913330183,-0.1743084653368721,-0.4937241111189094,-0.8734894518093675,-0.5347819352269443,0.3652416060374379,0.8142393379454824,0.47390881205574764,0.19185853069879913,-0.3373468557744959,-0.28390246338731834,-0.6316898641341755,-0.2015707950573978,-0.5888921927422374,0.006750507636753027,0.0,-0.22941573387056197,0.0,0.0,0.22941573387056197,0.4280329306987041,-1.0881408528088825,0.19192426882990488,-0.4955353902344311,0.4280329306987041,0.0,-0.24334622506580827,-0.18105843886880055,0.18311242268505468,0.0,0.3406855669884499,0.3406855669884499,0.0,0.2564768452294255,-0.18105843886880055,0.0,-0.1415413074961925,patch_10039
0.05307455936224332,-0.35462157440930264,0.5792505317369401,-0.32346610884095023,0.15050197142978686,-1.2425130853449973,0.2620040157524605,-1.1023543436862415,-0.21339730689007816,-0.3216018748048884,-0.4621239244793787,-0.31326485454736286,-0.2535182773032091,-0.47803781462297734,-0.9176770196067346,0.0,-0.22941573387056197,0.0,0.0,0.22941573387056197,0.4353425054331312,0.9407208072330655,0.19192426882990488,-1.1463642788326063,0.4353425054331312,0.0,-0.3728431075841985,-0.7579724129327904,0.7553563100016646,0.0,-1.0275022245136163,-1.0275022245136163,0.0,0.026010517380946115,-0.7579724129327904,0.0,0.021956737731998247,patch_10040
1.8529773657559936,2.404275087490914,3.9667235449500486,0.9337301036582893,2.4972987886121363,0.18027096869914538,1.2686434361503804,0.9141477821768925,0.33881811185067534,1.6792873284138814,0.3045381226794791,-0.8747511159032442,-0.44224247840068026,-0.2634208161279092,1.625864603463601,0.0,-0.22941573387056197,0.0,0.0,0.22941573387056197,-0.018711078070188403,1.984304264735771,3.390662082661652,1.0723316605533693,-0.018711078070188403,0.0,1.828603895228435,4.144658469226382,-4.126704752223048,0.0,0.5653134133544607,0.5653134133544607,0.0,-0.397169358850673,4.144658469226381,0.0,-1.3143451426920603,patch_10041
-0.0035519164715885434,0.1431471164464481,-0.32249139954777256,0.2265572341274671,-0.3276939476451514,0.5225992525332692,0.1691107989912377,0.8431121188143574,0.21552663086787355,0.6343737940660105,-0.33787896641564685,-0.4921123039256515,-0.06915887311624212,0.5865918843553002,-0.5644412312210821,0.0,-0.22941573387056197,0.0,0.0,0.22941573387056197,0.1012519425713142,-0.05100590276757506,-0.4478232939364446,-0.6915544373483927,0.1012519425713142,0.0,-0.3728431075841985,-0.5707882931427977,0.5704169790319547,0.0,-0.3331979721095827,-0.3331979721095827,0.0,0.37303731625467446,-0.5707882931427977,0.0,-0.3856339200951409,patch_10042
-0.20210072324745001,0.8638107783285536,-0.4219875892170329,-0.24489134555974776,0.605253967382258,-0.6336232364290385,-0.9297885093899075,-0.3797030760173783,0.3467879823157678,2.7427118539016964,-0.40143693027438143,-0.43443282485169665,0.07202686203998306,0.41789807178284666,-0.7080905822241436,0.0,-0.22941573387056197,0.0,0.0,0.22941573387056197,0.434912530448753,-0.407017252198855,0.19192426882990488,-1.5780627042815496,0.434912530448753,0.0,-0.3728431075841985,-0.6032183686079332,0.6024581397166765,0.0,-0.5578258184755935,-0.5578258184755935,0.0,-0.01235422661966781,-0.6032183686079331,0.0,-0.7957658878671874,patch_10043
-0.1286999894779346,-0.9317310107725959,0.15554768169016764,-0.0877418189973428,-0.7235355726745001,-1.1307870762583172,-1.6655688095201306,-0.4861199640162523,-0.14758549774647048,-0.8475693471950202,-0.3823407995672029,-1.186708696840858,0.006229826183833797,-0.6240019099037721,-1.281203260542721,0.0,-0.22941573387056197,0.0,0.0,0.22941573387056197,0.4353425054331312,0.2133829031496897,-1.0875708567027942,0.4468967969816025,0.4353425054331312,0.0,-0.3728431075841985,-0.3250024580386126,0.3275787085793265,0.0,-1.272550784185628,-1.272550784185628,0.0,0.47726596743665267,-0.3250024580386126,0.0,0.7254476366894186,patch_10044
0.43411019769317005,0.41270742032418734,-0.04309120915545259,-0.32346610884095023,0.32633139484829027,-0.9325429626252266,0.5508316654131519,-0.19165209475364237,0.40293934241076984,0.23564278951135556,-0.4224930106172688,-0.34980260281750564,-0.39664730770899187,-0.47326661628491457,-0.6900034772340324,0.0,-0.22941573387056197,0.0,0.0,0.22941573387056197,0.29345076058834735,-1.0158638316790616,1.4714193943626037,-1.3132800613095605,0.29345076058834735,0.0,-0.3728431075841985,-0.4239995305111316,0.42538856751163506,0.0,-0.39446011202758563,-0.39446011202758563,0.0,0.17946742426492032,-0.42399953051113154,0.0,-0.5585684973822805,patch_10045
-0.10003061020357118,-0.29128426693680215,-0.9758679873048085,-0.32346610884095023,0.09610004726098495,-1.1817489049317857,-1.1558493253530255,-0.582029493476085,-0.06547168083334823,0.034362357116102867,-0.4429324228707973,-0.148652178243579,-0.10660117934109076,-0.07255507924479455,-1.1527411780572316,0.0,-0.22941573387056197,0.0,0.0,0.22941573387056197,0.2573328619005789,-0.9873829237245612,-0.4478232939364446,-1.0947202504081128,0.2573328619005789,0.0,-0.3728431075841985,-0.7414729008540373,0.7390546668462797,0.0,-1.150026504349622,-1.150026504349622,0.0,0.2538425879012003,-0.7414729008540372,0.0,-0.03783958820653348,patch_10046
-0.16192797812759707,-0.6038456106466856,0.5648657142919784,1.0908796302206942,1.4753841909661338,-1.028473404916431,-1.0436945959107866,-0.6206323675886422,0.4947136083724978,-0.15627957462400963,-0.6248641146440419,-0.912048853990071,-0.39653443679717765,-0.7125941312096501,-1.8228264850995872,0.0,-0.22941573387056197,0.0,0.0,0.22941573387056197,0.17434768991559757,2.1855514350935255,-0.4478232939364446,1.0723316605533693,0.17434768991559757,0.0,-0.3728431075841985,-0.7892645910131844,0.7862732194342908,0.0,-1.435916490633636,-1.435916490633636,0.0,0.6218109741985237,-0.7892645910131842,0.0,0.2863456278323022,patch_10047
-0.3183808764533997,-1.4640354619536444,-0.5187640817063488,0.3051319974086696,-1.4340667811554266,0.9817887297209148,0.514456552983414,0.32903704090965535,0.11517871637551956,-1.4501340243021614,-0.351555783412768,-0.17860180658114067,0.35326948196007246,-0.38504214919923063,-0.38854876473999933,0.0,-0.22941573387056197,0.0,0.0,0.22941573387056197,0.4353425054331312,-1.061540759530621,-1.0875708567027942,0.3718560263979462,0.4353425054331312,0.0,-0.3404688869546009,-0.48203229713295304,0.4821632557424579,0.0,-0.5578258184755935,-0.5578258184755935,0.0,-0.3372145840143471,-0.48203229713295304,0.0,1.806101797328828,patch_10048
1.0680061998103942,1.204235894733096,0.6020108622478659,0.9337301036582893,1.1865430355726607,1.3502999530826831,1.6068366464513417,1.6686171073935576,0.6167975332242175,0.4105397402818605,-0.34973396187691247,-0.8312819555603154,-0.5103697382934752,-0.674682748584639,0.10209429943676233,0.0,-0.22941573387056197,0.0,0.0,0.22941573387056197,-2.994997919935713,0.02368930866026956,1.4714193943626037,1.0723316605533693,-2.994997919935713,0.0,-0.3728431075841985,1.247002778981904,-1.2255743961906078,0.0,1.4025626589005011,1.4025626589005011,0.0,0.816516411818587,1.247002778981904,0.0,-0.942086715505789,patch_10049
